<?xml version="1.0" encoding="UTF-8" ?>
<module>
	<name>waiap</name>
	<displayName><![CDATA[Pago con tarjeta y otros m&eacute;todos de pago]]></displayName>
	<version><![CDATA[2.0.1]]></version>
	<description><![CDATA[Con el Payment Wall de Waiap puedes aceptar m&uacute;ltiples formas de pago (Tarjetas Visa, MasterCard, Amazon Pay, PayPal, Google Pay, Apple Pay, Bizum, pago con Cuenta y pago con Financiaci&oacute;n) en un &uacute;nico m&oacute;dulo]]></description>
	<author><![CDATA[Bankia]]></author>
	<tab><![CDATA[payments_gateways]]></tab>
	<is_configurable>1</is_configurable>
	<need_instance>0</need_instance>
	<limited_countries></limited_countries>
</module>